No,Component Name,Category,Keywords,Description,Animation Library,CSS Only,Trigger Type,Complexity,Performance Impact,Accessibility Notes,Best For,Do Not Use For,Mobile Friendly,Implementation Hints
1,Letter Swap Hover,Text,"letter swap hover text character transition","Individual letters animate out and new letters animate in on hover",Motion/Framer Motion,No,hover,Medium,Low,"Ensure text remains readable; provide static fallback for reduced-motion","Navigation links, CTAs, portfolio headers","Body text, mobile-primary interfaces",Partial,"Split text into spans per character; animate each with staggered delay; use layoutId or FLIP technique"
2,Typewriter Effect,Text,"typewriter typing cursor blink text reveal","Text appears character by character with a blinking cursor",CSS or Motion,Yes,load/scroll,Low,Low,"Use aria-live polite for dynamic content; ensure final text is accessible","Hero headings, terminal-style UIs, landing pages","Long paragraphs, critical information that must be immediately readable",Yes,"CSS: @keyframes with steps(); JS: setInterval with charAt; cursor via border-right animation"
3,Scramble Text,Text,"scramble decrypt decode text random characters","Text cycles through random characters before resolving to final text",GSAP or custom JS,No,hover/load,Medium,Low,"Provide instant text for screen readers via aria-label","Headings, hover effects on links, loading states","Body copy, accessibility-critical content",Yes,"requestAnimationFrame loop; random charset (ASCII/Unicode); resolve characters sequentially"
4,Glitch Text,Text,"glitch distortion text clip-path RGB shift","Text appears with RGB split and clip-path distortion glitch effect",CSS,Yes,load/hover,Medium,Low,"Use sparingly; can trigger seizures in photosensitive users; respect prefers-reduced-motion","Gaming, cyberpunk aesthetics, error states, creative portfolios","Healthcare, finance, accessibility-focused apps",Yes,"Multiple text-shadow with offset RGB colors; clip-path with @keyframes; pseudo-elements for layers"
5,Gradient Text,Text,"gradient text color animated shifting background-clip","Text filled with animated gradient colors",CSS,Yes,load/continuous,Low,Low,"Ensure sufficient contrast ratio against background at all gradient points","Headlines, feature highlights, brand elements","Small text, body copy",Yes,"background: linear-gradient with animation; -webkit-background-clip: text; -webkit-text-fill-color: transparent"
6,Text Blur Reveal,Text,"blur text reveal focus clear animation","Text transitions from blurred to sharp focus",Motion or CSS,Yes,scroll/load,Low,Low,"Ensure text is immediately readable for screen readers","Section headings, scroll reveals, emphasis moments","Navigation labels, buttons, critical UI text",Yes,"filter: blur() with transition; animate from blur(10px) to blur(0); combine with opacity"
7,Split Text Reveal,Text,"split text word character reveal stagger animation","Words or characters animate in separately with stagger timing",GSAP or Motion,No,scroll/load,Medium,Low,"Final text state must be fully accessible; use aria-label on container","Hero sections, page titles, scroll storytelling","Dense content, tables, lists",Yes,"Split text into span elements; apply staggered translateY + opacity; IntersectionObserver trigger"
8,Scroll Float Text,Text,"scroll float text parallax velocity speed","Text moves at different speeds based on scroll velocity",GSAP ScrollTrigger or Lenis,No,scroll,Medium,Medium,"Respect reduced-motion; can cause motion sickness","Editorial layouts, storytelling, artistic pages","Data-heavy UIs, dashboards, forms",Partial,"Track scroll velocity with Lenis; apply transform based on delta; use will-change: transform"
9,Rotating Text,Text,"rotating text cycle words swap vertical","Words cycle through a fixed position with rotation animation",Motion or CSS,Yes,continuous/timer,Low,Low,"Include all cycling words in aria-label; announce current word","Taglines, hero subtitles, feature highlights","Error messages, navigation, labels",Yes,"overflow: hidden container; translateY animation on word list; use AnimatePresence for React"
10,Variable Font Cursor,Text,"variable font weight width cursor proximity interactive","Font weight/width changes based on cursor proximity to each letter",Custom JS,No,cursor,High,Medium,"Must work without cursor (touch fallback); ensure all states meet contrast","Creative portfolios, artistic headers, experimental UIs","Production SaaS, mobile apps, body text",No,"Calculate distance from cursor to each character; map distance to font-variation-settings axis values"
11,Text Pressure,Text,"text pressure cursor weight bold proximity mouse","Text weight increases as cursor gets closer creating pressure effect",Custom JS,No,cursor,Medium,Medium,"Provide static weight fallback; variable fonts required","Experimental typography, creative agencies, art projects","Mobile interfaces, standard web apps",No,"Use variable font with wght axis; addEventListener mousemove; calculate per-character distance"
12,Circular Text,Text,"circular text arc rotate spinning badge","Text arranged in a circle that optionally rotates",CSS or SVG,Yes,continuous/load,Low,Low,"Provide linear text alternative via aria-label","Badges, decorative elements, logos, stamps","Body content, navigation items",Yes,"SVG textPath on circle; or CSS with individual character rotation transforms; animation: rotate"
13,Count Up Number,Text,"count up number counter animate increment ticker","Number animates from 0 to target value",Motion or custom JS,No,scroll/load,Low,Low,"Ensure final number is in aria-label; don't rely on animation for comprehension","Statistics, dashboards, pricing, achievements","Critical data that must be immediately readable",Yes,"requestAnimationFrame with easing; or Motion's useMotionValue + useTransform; IntersectionObserver trigger"
14,Scroll Reveal,Scroll,"scroll reveal fade up slide entrance intersection","Elements fade/slide into view as they enter the viewport",Motion or CSS,Yes,scroll,Low,Low,"Content must be accessible before animation; don't hide critical content","Section entrances, card grids, feature lists, landing pages","Above-the-fold content, navigation",Yes,"IntersectionObserver; animate opacity + translateY; threshold 0.1-0.3; once: true for performance"
15,Scroll Velocity Text,Scroll,"scroll velocity speed marquee text momentum","Text moves horizontally at speed proportional to scroll velocity",GSAP or Lenis,No,scroll,Medium,Medium,"Respect reduced-motion; text must be readable when stationary","Editorial, artistic, creative sections","Navigation, critical content, data displays",Partial,"Track scroll delta with Lenis; apply horizontal transform; use lerp for smooth deceleration"
16,Parallax Layers,Scroll,"parallax depth layers speed multi-layer background","Multiple layers move at different scroll speeds creating depth",CSS or GSAP,Yes,scroll,Low,Medium,"Respect reduced-motion; can cause vestibular issues; provide flat fallback","Hero sections, landing pages, storytelling","Data-heavy UIs, dashboards, forms",Partial,"CSS: perspective + translateZ on layers; JS: transform based on scrollY * speed factor; will-change: transform"
17,Scroll Stack Cards,Scroll,"scroll stack cards sticky pile accumulate reveal","Cards stack on top of each other as user scrolls using sticky positioning",CSS,Yes,scroll,Medium,Low,"Ensure card content is accessible in stacked state; keyboard navigation between cards","Feature showcases, case studies, step-by-step guides","Mobile (limited viewport), dense data",Partial,"position: sticky with increasing top offset per card; z-index stacking; optional scale reduction for depth"
18,Horizontal Scroll Section,Scroll,"horizontal scroll section sideways container pin","Vertical scroll translates to horizontal movement within a pinned section",GSAP ScrollTrigger,No,scroll,High,Medium,"Provide alternative navigation (arrows/dots); keyboard accessible; announce section","Portfolios, timelines, product showcases","Mobile (use swipe instead), small screens",Partial,"ScrollTrigger pin + horizontal translateX; calculate total width; snap points optional"
19,Scroll Progress Bar,Scroll,"scroll progress bar indicator reading position","Bar showing how far user has scrolled through content",CSS or JS,Yes,scroll,Low,Low,"Use aria-progressbar role; announce progress to screen readers","Long articles, documentation, reading-heavy pages","Short pages, SPAs with minimal scroll",Yes,"CSS: scaleX based on scroll percentage; or JS: scrollY / (scrollHeight - clientHeight)"
20,Smooth Scroll Sections,Scroll,"smooth scroll snap section fullpage lenis","Smooth scrolling with section snapping for fullpage-like experience",Lenis or CSS,Yes,scroll,Medium,Low,"Allow users to skip sections; keyboard navigation; don't trap scroll","Landing pages, presentations, product tours","Content-heavy pages, documentation, blogs",Yes,"CSS scroll-snap-type: y mandatory; or Lenis with snap config; sections at 100vh"
21,Stagger Grid Reveal,Scroll,"stagger grid items reveal cascade wave entrance","Grid items animate in with cascading wave pattern on scroll",Motion or GSAP,No,scroll,Medium,Low,"Don't hide content that's already in viewport; use once: true","Image galleries, product grids, team pages, portfolios","Data tables, lists where order matters",Yes,"IntersectionObserver on grid; calculate row/col index; delay = (row + col) * staggerMs"
22,Blob Cursor,Cursor,"blob cursor follow gooey liquid organic trail","Organic blob shape follows the cursor with fluid motion",Custom JS + CSS,No,cursor,High,Medium,"Hidden on touch devices; don't obscure clickable elements; z-index management","Creative agencies, portfolios, experimental sites","Enterprise apps, data UIs, mobile",No,"Track mouse position; apply SVG filter for gooey effect; lerp position for lag; mix-blend-mode"
23,Magnetic Elements,Cursor,"magnetic hover pull attract cursor button sticky","Elements subtly pull toward the cursor when nearby",GSAP or custom JS,No,hover,Medium,Low,"Must not interfere with click targets; disable on touch; subtle effect only","Buttons, navigation items, interactive elements","Dense UIs, small targets, mobile interfaces",No,"Calculate distance from cursor to element center; apply transform proportional to distance within threshold"
24,Cursor Spotlight,Cursor,"cursor spotlight light follow radial gradient illuminate","Radial gradient follows cursor illuminating nearby content",CSS or custom JS,Yes,cursor,Low,Low,"Decorative only; don't rely on spotlight for readability; works without on touch","Cards, image galleries, dark themes, portfolios","Light themes where effect is invisible, mobile",No,"CSS: radial-gradient at var(--mouse-x) var(--mouse-y); update via mousemove event; or CSS :has() hover"
25,Tilt Card Hover,Cursor,"tilt card hover 3D perspective rotate mouse track","Card tilts in 3D based on cursor position within the card",Custom JS or react-tilt,No,hover,Medium,Low,"Reset transform on mouse leave; disable on touch; ensure content readable at all angles","Product cards, image cards, portfolios, feature cards","Text-heavy cards, forms, critical content",Partial,"Calculate cursor position relative to card center; apply rotateX/Y with perspective; glare overlay optional"
26,Image Trail,Cursor,"image trail cursor follow gallery photos mouse path","Images appear along the cursor trail as it moves",GSAP or custom JS,No,cursor,High,High,"Purely decorative; hide on touch/mobile; can be performance intensive","Portfolios, creative agencies, fashion sites","Content-focused sites, mobile, slow devices",No,"Pool of pre-loaded images; show/position on mousemove with throttle; fade out with delay; limit active count"
27,Glare Hover Effect,Cursor,"glare hover shine light reflection card surface","Shiny glare effect that follows cursor over card surface",CSS or custom JS,Yes,hover,Low,Low,"Purely decorative; ensure text contrast maintained over glare","Cards, buttons, premium/luxury UIs, glass effects","Dense data, accessibility-focused, high contrast themes",Partial,"Pseudo-element with radial-gradient; position at cursor coordinates; opacity transition on hover"
28,Cursor Proximity React,Cursor,"proximity cursor distance react scale opacity transform","Elements react (scale, glow, rotate) based on cursor distance",Custom JS,No,cursor,Medium,Medium,"Fallback for touch; don't affect usability of nearby elements","Interactive grids, artistic layouts, experimental UIs","Production forms, navigation, mobile UIs",No,"Calculate Euclidean distance from cursor to each element; map distance to CSS property within radius"
29,Aurora Background,Background,"aurora gradient flowing mesh animated background northern lights","Flowing gradient background that slowly shifts colors like aurora borealis",CSS,Yes,continuous,Low,Low,"Subtle and slow; respect reduced-motion; ensure text contrast over all states","Landing pages, hero sections, dark themes, SaaS","Light themes, content-heavy pages where it distracts",Yes,"Multiple layered gradients with animation; filter: blur() for softness; mix-blend-mode for blending"
30,Particle Field,Background,"particles dots floating connected interactive canvas","Floating connected particles that react to cursor or drift independently",tsparticles or Canvas API,No,continuous/cursor,Medium,High,"Decorative; reduce particle count on mobile; respect reduced-motion","Hero backgrounds, loading screens, tech/science themes","Mobile-first, performance-critical, content-focused",Partial,"Canvas API or tsparticles library; requestAnimationFrame loop; spatial partitioning for connections"
31,Gradient Mesh,Background,"gradient mesh multi-point blob organic flowing background","Multi-point gradient with organic blob shapes that slowly animate",CSS,Yes,continuous,Low,Low,"Keep animation subtle; ensure sufficient text contrast","Hero sections, card backgrounds, landing pages","Small elements, data-dense UIs",Yes,"Multiple radial-gradient layers; animation: move with different durations per layer; filter: blur for softness"
32,Noise Grain Overlay,Background,"noise grain texture overlay film vintage static","Subtle noise/grain texture overlay for depth and character",CSS or SVG,Yes,static/continuous,Low,Low,"Purely decorative; ensure it doesn't reduce text readability","Vintage aesthetics, photography, editorial, dark themes","Clean/minimal UIs where grain adds clutter",Yes,"SVG filter feTurbulence; or CSS background-image with noise.png; mix-blend-mode: overlay; opacity: 0.03-0.08"
33,Liquid Chrome,Background,"liquid chrome metallic reflection morphing organic 3D","Metallic liquid surface with organic morphing reflections",Three.js or WebGL,No,continuous,High,High,"Purely decorative; provide static fallback; heavy GPU usage","Creative agencies, music, fashion, luxury brands","Enterprise, healthcare, performance-critical mobile",No,"WebGL shader with noise functions; or Three.js MeshPhysicalMaterial with envMap; high reflectivity"
34,Grid Distortion,Background,"grid distortion warp hover cursor mesh deform","Grid of lines/dots that distort around cursor position",Three.js or Canvas,No,cursor,High,Medium,"Decorative; disable on touch; provide static grid fallback","Tech portfolios, creative sites, interactive art","Content-focused, mobile, accessibility-focused",No,"Grid of vertices; apply displacement based on cursor distance; use spring physics for return; WebGL preferred"
35,Wave Lines,Background,"wave lines flowing sine animated undulating curves","Animated flowing wave lines across background",CSS or Canvas,Yes,continuous,Low,Low,"Subtle motion; respect reduced-motion","Calm aesthetics, wellness apps, ocean/nature themes, SaaS","Energetic themes, gaming, dense UIs",Yes,"SVG path with animated d attribute; or CSS with multiple box-shadows; or Canvas with sine functions"
36,Dot Grid Pattern,Background,"dot grid pattern polka animated hover reactive","Grid of dots that react to hover or animate subtly",CSS or Canvas,Yes,static/cursor,Low,Low,"Decorative; maintain text readability over pattern","Backgrounds, cards, tech aesthetics, minimal themes","Heavy content areas, image-heavy layouts",Yes,"CSS radial-gradient repeating; or SVG pattern; cursor reaction via CSS custom properties"
37,Iridescence,Background,"iridescent holographic rainbow shift angle gradient","Holographic rainbow effect that shifts based on angle or cursor",CSS or WebGL,Partial,cursor/scroll,Medium,Medium,"Ensure text contrast; decorative layer behind content","Premium products, fashion, creative, experimental","Corporate, healthcare, high-contrast requirements",Partial,"CSS: conic-gradient + hue-rotate animation; or WebGL shader; filter: saturate + brightness"
38,Pixel Trail,Background,"pixel trail cursor blocks retro 8bit path","Pixelated trail follows cursor leaving temporary pixel marks",Canvas,No,cursor,Medium,Medium,"Decorative; hide on touch; clear trail periodically","Retro/gaming themes, creative portfolios, playful brands","Professional/corporate, mobile",No,"Canvas overlay; render pixel blocks at cursor position; fade out with requestAnimationFrame"
39,Plasma Background,Background,"plasma organic flowing color shifting gradient noise","Organic plasma-like background with shifting colors",WebGL or CSS,Partial,continuous,Medium,Medium,"Slow animation; respect reduced-motion; ensure content readability","Artistic, creative, music, entertainment","Data UIs, text-heavy, mobile-first",Partial,"WebGL fragment shader with noise; or CSS with multiple animated gradients; filter: blur + contrast trick"
40,Spring Animation,Physics,"spring bounce physics natural overshoot settle","Element animates with spring physics (bounce, settle, overshoot)",Motion/React Spring,No,interaction,Low,Low,"Feels natural; keep damping reasonable to avoid excessive bouncing","Buttons, modals, toasts, page transitions, dropdowns","Subtle UI transitions where bounce feels wrong",Yes,"Motion: type spring with stiffness/damping/mass; React Spring: useSpring with config presets"
41,Gravity Drop,Physics,"gravity drop fall physics weight realistic bounce","Elements fall with realistic gravity simulation and bounce",Matter.js or Rapier,No,load/interaction,High,High,"Fun but can be disorienting; provide static layout fallback","Playful brands, games, creative agencies, interactive art","Production UIs, forms, serious/professional contexts",Partial,"Matter.js: create bodies + ground; or CSS with cubic-bezier approximation; control with restitution/friction"
42,Elastic Interaction,Physics,"elastic stretch rubber band pull snap return","Elements stretch and snap back with elastic/rubber-band physics",Motion or GSAP,No,drag/interaction,Medium,Low,"Must feel responsive; element should return to original position","Sliders, pull-to-refresh, drag interactions, playful UIs","Precise positioning, data-entry, professional tools",Yes,"Spring animation with low damping; track drag delta; apply scale/translateX proportional to drag"
43,Magnetic Snap,Physics,"magnetic snap grid attract lock position physics","Elements snap to grid positions or other elements with magnetic attraction",Custom JS,No,drag,Medium,Low,"Provide clear snap feedback (haptic on mobile); keyboard alternative for positioning","Kanban boards, layout builders, design tools, puzzle games","Read-only content, simple lists, forms",Partial,"Calculate nearest snap point; apply spring animation to snap position; threshold for activation distance"
44,Ballpit,Physics,"ballpit balls physics collision container interactive","Collection of physics balls that collide and interact in a container",Matter.js or Rapier,No,continuous/interaction,High,High,"Purely playful; heavy on performance; limit ball count; provide static alternative","404 pages, loading screens, creative portfolios, games","Serious UIs, mobile, performance-critical",Partial,"Matter.js: create circular bodies in bounded container; mouse constraint for interaction; gravity + collision"
45,Floating Elements,Physics,"floating hover bob gentle up down sine wave","Elements gently float up and down with sine wave motion",CSS or Motion,Yes,continuous,Low,Low,"Subtle; respect reduced-motion; don't apply to interactive elements","Decorative elements, illustrations, backgrounds, hero sections","Buttons, inputs, navigation, text content",Yes,"CSS: animation: float 3s ease-in-out infinite; @keyframes float { 50% { transform: translateY(-10px) } }"
46,Tilt Card 3D,Card,"tilt card 3D perspective hover rotate depth","Card tilts in 3D following cursor with perspective and depth effect",react-tilt or custom JS,No,hover,Medium,Low,"Reset on mouse leave; glare optional; disable on touch devices","Product cards, portfolios, feature showcases","Mobile-primary, text-heavy cards, forms",Partial,"perspective on parent; calculate rotateX/Y from cursor position; transition on mouse leave; requestAnimationFrame"
47,Card Flip,Card,"card flip rotate 3D front back toggle reveal","Card flips to reveal content on the back side",CSS,Yes,click/hover,Low,Low,"Ensure both sides are accessible; announce flip to screen readers","Info cards, flashcards, team members, before/after","Dense data, frequently-accessed content",Yes,"transform-style: preserve-3d; backface-visibility: hidden; rotateY(180deg) on flip; transition: transform 0.6s"
48,Stacking Cards,Card,"stack cards scroll sticky pile overlay accumulate","Cards stack on top of each other as user scrolls",CSS,Yes,scroll,Medium,Low,"All cards must be navigable; announce stack to screen readers","Feature lists, case studies, pricing tiers, portfolios","Mobile (viewport too small), data tables",Partial,"position: sticky; incrementing top values; z-index ordering; optional scale reduction for depth illusion"
49,Card Swap,Card,"card swap drag swipe tinder stack gesture","Cards can be swiped/dragged to dismiss revealing the next card",Motion or @use-gesture,No,drag/swipe,High,Low,"Announce card changes; provide alternative navigation (buttons); keyboard support","Dating apps, product browsing, flashcards, decision UIs","Sequential content where order matters, forms",Yes,"Drag gesture tracking; spring animation for snap-back; threshold for dismiss; rotate based on drag direction"
50,Bounce Cards,Card,"bounce card entrance spring overshoot appear","Cards animate in with bouncy spring overshoot effect",Motion or React Spring,No,scroll/load,Low,Low,"Keep bounce subtle; excessive bounce feels unprofessional","Feature grids, team pages, product cards","Dense dashboards, serious/medical UIs",Yes,"Motion: initial/animate with type:spring; staggerChildren for grid; custom stiffness/damping"
51,Glass Card,Card,"glass card frosted blur transparent glassmorphism","Frosted glass effect card with backdrop blur and subtle border",CSS,Yes,static/hover,Low,Low,"Ensure 4.5:1 contrast for text over glass; vibrant background needed behind card","Overlays, modals, floating cards, modern SaaS","Low-contrast backgrounds, text-heavy content",Yes,"backdrop-filter: blur(12px); background: rgba(255,255,255,0.1); border: 1px solid rgba(255,255,255,0.2)"
52,Spotlight Card,Card,"spotlight card hover glow highlight radial border","Card with radial spotlight glow following cursor on hover",CSS + custom JS,No,hover,Low,Low,"Decorative; card content must be readable without spotlight effect","Feature cards, pricing cards, dark themes","Light themes, mobile-primary, data tables",Partial,"Track mouse within card; radial-gradient at cursor position; apply to border or background"
53,Decay Card,Card,"decay card hover dissolve particle disintegrate fade","Card dissolves into particles or fades with decay effect on interaction",Canvas or GSAP,No,hover/click,High,High,"Provide alternative interaction; don't use for primary content","Creative portfolios, artistic sites, special transitions","Production UIs, e-commerce, content sites",No,"Canvas: sample card pixels; create particles at pixel positions; apply physics for dispersal"
54,Dock Navigation,Navigation,"dock navigation magnify scale hover macOS taskbar","macOS-style dock where items magnify on hover proximity",Motion or custom JS,No,hover,Medium,Low,"Ensure all items remain clickable; keyboard navigation; announce active item","App navigation, tool palettes, creative apps","Mobile (no hover), dense navigation, accessibility-focused",No,"Calculate cursor distance to each item; scale based on proximity; layout with flexbox gap compensation"
55,Gooey Navigation,Navigation,"gooey navigation blob morph organic SVG filter menu","Navigation with organic blob that morphs between items using SVG gooey filter",CSS + SVG filter,Partial,click/hover,High,Medium,"Provide clear active state; keyboard accessible; screen reader announces current","Creative sites, artistic portfolios, playful brands","Corporate, healthcare, data apps, mobile",Partial,"SVG filter feGaussianBlur + feColorMatrix; background blob positioned at active item; animate with motion"
56,Staggered Menu,Navigation,"stagger menu items cascade reveal slide entrance","Menu items animate in with staggered cascade timing",Motion or GSAP,No,click/toggle,Low,Low,"Keep total animation under 400ms; don't delay access to navigation items","Mobile menus, sidebar navigation, dropdown menus","Instant-access navigation, toolbar buttons",Yes,"AnimatePresence with staggerChildren; translateX or translateY + opacity; exit reverse stagger"
57,Flowing Menu,Navigation,"flowing menu wave organic smooth curved motion","Menu items flow in with smooth curved organic motion paths",GSAP MotionPath or Motion,No,click/toggle,Medium,Low,"Items must settle quickly; keyboard navigation from first item","Creative mobile menus, full-screen overlays, artistic sites","Quick-access toolbars, breadcrumbs, tabs",Yes,"Motion path or curved bezier animation per item; stagger timing; spring settle at final position"
58,Pill Navigation,Navigation,"pill navigation sliding indicator active smooth tab","Active indicator slides smoothly between navigation items",Motion or CSS,Yes,click,Low,Low,"Announce active tab; keyboard tab navigation; high contrast active state","Tab bars, segmented controls, category filters","Primary navigation, deeply nested menus",Yes,"Absolute positioned indicator; animate left/width or translateX to active item position; layoutId in Motion"
59,Animated Sidebar,Navigation,"sidebar slide animate expand collapse panel drawer","Sidebar panel that smoothly slides open and closed with content reflow",CSS or Motion,Yes,click/toggle,Low,Low,"Focus trap when open (modal sidebar); announce open/close; keyboard escape to close","App navigation, settings panels, filter panels","Always-visible navigation on desktop",Yes,"transform: translateX(-100%) to translateX(0); transition: transform 300ms ease; width animation for push style"
60,Infinite Marquee,Marquee,"marquee infinite scroll loop text horizontal continuous","Continuously scrolling text or elements in horizontal loop",CSS,Yes,continuous,Low,Low,"Provide pause on hover; respect reduced-motion; content must be accessible statically","Ticker tapes, partner logos, announcements, decorative text","Primary content, navigation, critical information",Yes,"Duplicate content for seamless loop; animation: scroll linear infinite; @keyframes scroll { to { translateX(-50%) } }"
61,Logo Loop,Marquee,"logo loop carousel infinite scroll brand partner client","Smoothly scrolling loop of logos or images",CSS or Motion,Yes,continuous,Low,Low,"All logos need alt text; pause on hover; reduced-motion stops animation","Client logos, partner sections, trust indicators","Primary content, hero sections",Yes,"Flex container with duplicated logos; CSS animation translateX; gap for spacing; will-change: transform"
62,Vertical Marquee,Marquee,"vertical marquee scroll up down continuous loop text","Continuously scrolling vertical content loop",CSS,Yes,continuous,Low,Low,"Pause on hover/focus; content accessible without animation","Testimonials, news tickers, notification feeds","Interactive content, forms, navigation",Yes,"Same as horizontal marquee but with translateY; animation: scrollY linear infinite"
63,Marquee Along Path,Marquee,"marquee path SVG curve custom route animated text","Text or elements scroll along a custom SVG path",CSS + SVG or GSAP MotionPath,No,continuous,Medium,Medium,"Decorative; provide static text alternative; complex path may cause nausea","Artistic sections, creative headers, decorative elements","Body content, mobile-first, performance-critical",Partial,"SVG textPath with animated startOffset; or offset-path with offset-distance animation; GSAP MotionPath"
64,Circling Elements,Marquee,"circle orbit rotate elements around center point","Elements orbit around a central point in circular motion",CSS,Yes,continuous,Low,Low,"Decorative; ensure orbiting elements don't obscure content","Feature highlights, tech stack displays, skill badges","Interactive elements, mobile (too small), navigation",Partial,"Position absolute on circle; animation: orbit linear infinite; calculate positions with trigonometry"
65,SVG Gooey Filter,SVG,"gooey SVG filter blob merge organic sticky","SVG filter creating organic gooey/sticky effect on elements",SVG + CSS,Yes,continuous/hover,Medium,Medium,"Purely decorative; doesn't affect content; can be GPU-intensive on many elements","Backgrounds, navigation highlights, loading indicators","Text content, forms, critical UI elements",Partial,"SVG filter: feGaussianBlur(stdDeviation=10) + feColorMatrix(type=matrix) values for alpha threshold"
66,Morphing SVG,SVG,"morph SVG path shape transition transform interpolate","SVG shapes smoothly morph from one form to another",GSAP MorphSVG or flubber,No,click/hover/scroll,Medium,Low,"Provide static SVG for reduced-motion; announce shape changes if meaningful","Icons, illustrations, loading states, decorative transitions","Complex illustrations with many paths, mobile-first",Yes,"Match path point counts; use flubber.interpolate for different point counts; animate d attribute"
67,SVG Path Drawing,SVG,"SVG path draw stroke line animation reveal trace","SVG stroke animates from 0 to full length creating drawing effect",CSS or GSAP,Yes,scroll/load,Low,Low,"Decorative; final SVG should be immediately visible for screen readers","Logo reveals, illustrations, section dividers, loading","Complex detailed SVGs (slow draw), mobile-first",Yes,"stroke-dasharray: pathLength; stroke-dashoffset: pathLength to 0; transition or @keyframes"
68,Metaballs,SVG,"metaballs merge blob organic connect gooey physics","Blob-like shapes that merge when near each other creating organic forms",Canvas or SVG filter,No,continuous/cursor,High,High,"Decorative; performance heavy; limit count; disable on low-power devices","Creative backgrounds, loading screens, artistic portfolios","Production UIs, mobile, performance-critical",No,"SVG gooey filter on multiple blobs; or Canvas with marching squares algorithm; cursor interaction optional"
69,SVG Pixelate Filter,SVG,"pixelate SVG filter mosaic block pixel hover reveal","Pixelation effect using SVG filter that can transition to clear",SVG + CSS,Yes,hover/scroll,Low,Low,"Ensure content is visible in final state; decorative transition only","Image reveals, hover effects, retro aesthetics","Text content, critical images, accessibility-focused",Yes,"SVG filter: feFlood + feComposite + feMorphology; animate filter params; or canvas pixelation"
70,Model Viewer,3D,"3D model viewer interactive rotate zoom WebGL object","Interactive 3D model that can be rotated and zoomed",Three.js or model-viewer,No,interaction,High,High,"Provide 2D fallback image; alt text description; keyboard rotation controls","Product showcases, e-commerce, education, architecture","Mobile-first (performance), text-heavy pages",Partial,"@google/model-viewer web component; or Three.js with OrbitControls; GLTF/GLB format; lazy load"
71,3D Card Stack,3D,"3D card stack depth perspective layer floating","Cards arranged in 3D space with depth and perspective",CSS or Three.js,Partial,scroll/hover,Medium,Medium,"Provide flat layout fallback; ensure content readable; keyboard navigation","Feature showcases, portfolio, pricing comparison","Dense data, mobile, accessibility-focused",Partial,"CSS: perspective on container; translateZ per card; hover: increase translateZ for pop-out effect"
72,Orbit Gallery,3D,"orbit gallery 3D circular rotate images carousel sphere","Images arranged in 3D orbit that can be rotated",Three.js or CSS,No,drag/auto,High,High,"Provide flat gallery fallback; alt text on all images; touch-friendly drag","Portfolio, product gallery, team showcase","Mobile (performance), many images, content-focused",Partial,"CSS: transformStyle preserve-3d; rotateY per item; container rotateY on drag; or Three.js with group rotation"
73,Cubes Background,3D,"cubes 3D rotating background geometric floating blocks","3D cubes floating and rotating in background",Three.js,No,continuous,High,High,"Purely decorative; static fallback; heavy GPU; reduce count on mobile","Tech sites, creative agencies, geometric aesthetics","Mobile-first, performance-critical, content-focused",No,"Three.js: BoxGeometry instances; random rotation animation; MeshPhysicalMaterial; InstancedMesh for performance"
74,Page Transition,Transition,"page transition route animate slide fade morph","Animated transitions between pages or routes",Motion or GSAP Flip,No,navigation,Medium,Low,"Don't delay navigation; keep under 400ms; announce page change","SPAs, portfolios, product pages, storytelling sites","Content-heavy apps where speed matters most, dashboards",Yes,"AnimatePresence with mode='wait'; exit/enter animations; shared layout for hero transitions"
75,Shared Element Transition,Transition,"shared element hero transition morph between pages views","Element morphs smoothly from one view to another across pages",Motion layoutId or View Transitions API,No,navigation,High,Low,"Maintain element accessibility during transition; announce destination","Image galleries to detail, list to detail, product browsing","Unrelated pages, complex layouts, mobile (performance)",Partial,"Motion: layoutId on shared elements; View Transitions API (experimental); FLIP technique for manual"
76,Modal/Sheet Animation,Transition,"modal sheet bottom slide scale fade overlay drawer","Modals and sheets animate in from trigger source or bottom",Motion or CSS,Yes,click,Low,Low,"Focus trap; escape to close; announce to screen readers; restore focus on close","Modals, bottom sheets, dialogs, drawers","Inline content expansion where modal isn't needed",Yes,"scale(0.95) + opacity:0 to scale(1) + opacity:1; or translateY(100%) for sheets; spring timing"
77,Skeleton Loading,Transition,"skeleton loading placeholder shimmer pulse content","Shimmer/pulse effect on placeholder shapes while content loads",CSS,Yes,load,Low,Low,"Use aria-busy; provide loading text for screen readers; match final layout dimensions","Content loading states, image placeholders, card skeletons","Tiny elements, already-cached content, instant loads",Yes,"@keyframes shimmer with background-position; linear-gradient with animated position; or opacity pulse"
78,Sticker Peel,Interaction,"sticker peel corner lift reveal underneath fold","Element peels away from corner like a sticker being removed",CSS or GSAP,Partial,hover/drag,High,Low,"Provide click alternative; ensure content underneath is accessible","Reveals, coupons, decorative interactions, playful UIs","Critical actions, frequently-used interactions, mobile",Partial,"clip-path animation; pseudo-element for shadow; perspective + rotateY for 3D peel effect; drag for interactive"
79,Drag Elements,Interaction,"drag elements reorder free position move gesture","Elements can be freely dragged and repositioned",@use-gesture + Motion,No,drag,Medium,Low,"Keyboard alternative required (arrow keys); announce position changes; snap to grid optional","Kanban boards, layout builders, sorting interfaces, games","Read-only content, sequential content",Yes,"@use-gesture useDrag; motion.div with x/y motion values; boundary constraints; spring return"
80,Elastic Line,Interaction,"elastic line rubber band pull stretch physics interactive","Line that stretches elastically when pulled and snaps back",Canvas or SVG,No,drag,Medium,Low,"Decorative interaction; provide alternative for touch devices; satisfying feedback","Sliders, dividers, interactive separators, playful elements","Standard UI dividers, production forms",Partial,"SVG path with quadratic bezier; control point follows drag; spring animation for snap-back"
81,Click Spark,Interaction,"click spark burst particle explosion feedback tap","Particle burst effect on click/tap for satisfying feedback",Canvas or CSS,Partial,click,Low,Low,"Purely decorative feedback; don't rely on it for confirmation; subtle effect","Buttons, like/favorite actions, achievements, celebrations","Every click (overuse), accessibility-focused, professional",Yes,"Create particles at click position; animate outward with opacity fade; 8-12 particles; remove after animation"
82,Scroll-triggered Counter,Interaction,"counter scroll trigger animate number increment statistic","Numbers animate when scrolled into view counting up to final value",Motion or custom JS,No,scroll,Low,Low,"Final value in aria-label; don't rely on animation for comprehension","Statistics sections, dashboards, achievements, about pages","Critical data displays, tables, frequent updates",Yes,"IntersectionObserver trigger; requestAnimationFrame with easing; format with toLocaleString; once: true"
83,Electric Border,Interaction,"electric border glow pulse neon animated outline energy","Animated glowing/electric border effect around elements",CSS,Yes,hover/continuous,Low,Low,"Decorative; ensure content contrast not affected; subtle for continuous mode","Feature cards, CTAs, gaming themes, highlighted sections","Every element (overuse), minimal/clean themes",Yes,"box-shadow animation with color cycling; or border-image with animated gradient; or pseudo-element"
84,Star Border,Interaction,"star border sparkle twinkle animated dots around edge","Animated dots/stars that move along element border",CSS or Canvas,Partial,continuous/hover,Medium,Low,"Purely decorative; respect reduced-motion; subtle effect","Premium features, highlighted cards, celebration UI, gaming","Every card, minimal themes, professional/corporate",Yes,"Pseudo-element with conic-gradient animation; overflow:hidden container; or Canvas drawing dots along path"
85,Meteor Shower,Background,"meteor shooting star trail streak diagonal falling","Animated meteors/shooting stars streaking diagonally across background",CSS,Yes,continuous,Low,Low,"Purely decorative; respect reduced-motion; keep subtle","Dark themes, space/tech aesthetics, hero sections, landing pages","Light themes, content-heavy sections, professional/corporate",Yes,"CSS pseudo-elements with linear animation; random delays and positions; rotate(215deg); opacity fade; multiple instances with varying speed/size"
86,Spotlight Lamp Effect,Background,"spotlight lamp cone light reveal illuminate glow radial","Cone of light that illuminates from a point creating dramatic spotlight reveal",CSS or Motion,Yes,load/scroll,Medium,Low,"Ensure text is readable without the effect; decorative enhancement","Hero sections, feature reveals, dramatic headings, dark themes","Light themes, dense content, data UIs",Yes,"Conic-gradient from top center; opacity animation revealing content below; backdrop glow with box-shadow; blur for softness"
87,Background Beams,Background,"beams rays light lines radiating streaks animated","Animated light beams radiating across the background",CSS or Canvas,Yes,continuous,Low,Low,"Subtle motion; respect reduced-motion; ensure content readability","Hero backgrounds, dark themes, tech aesthetics, SaaS","Light themes, text-heavy content, mobile-first",Yes,"CSS: multiple linear-gradients at angles with translateX animation; or Canvas lines with glow; mix-blend-mode: screen"
88,Beams With Collision,Background,"beams collision intersect light rays particle burst","Light beams that animate and produce particle effects on collision points",Canvas or GSAP,No,continuous,High,Medium,"Decorative; reduce beam count on mobile; heavy on many collisions","Creative agencies, gaming, entertainment, interactive art","Production UIs, mobile-first, content-focused",No,"Canvas: line intersection detection; particle emitter at collision points; glow effect with globalCompositeOperation: screen"
89,Vortex Swirl,Background,"vortex swirl spiral rotating tunnel depth funnel","Rotating spiral/vortex tunnel effect creating depth illusion",WebGL or Canvas,No,continuous,High,High,"Can cause motion sickness; respect reduced-motion; provide static fallback","Creative agencies, music/entertainment, loading screens, experimental","Healthcare, finance, accessibility-focused, mobile",No,"WebGL fragment shader with polar coordinates; or Canvas with rotating arcs; noise distortion for organic feel"
90,Tracing Beam,Background,"tracing beam path follow scroll line animated trail","Animated beam that traces a path as user scrolls down the page",GSAP ScrollTrigger or Motion,No,scroll,Medium,Low,"Decorative; final path should be visible for reduced-motion; don't block content","Documentation, storytelling, feature walkthroughs, timelines","Short pages, data-heavy UIs, mobile (too narrow)",Partial,"SVG path with stroke-dashoffset driven by scroll progress; ScrollTrigger scrub; glow filter on path"
91,Canvas Reveal Effect,Background,"canvas reveal scratch scratchoff erase uncover hover","Content is hidden behind a canvas layer that erases on hover/touch revealing content below",Canvas,No,cursor/touch,Medium,Medium,"Hidden content must be accessible without interaction; provide reveal-all button","Promotions, coupons, interactive reveals, gamification, landing pages","Critical content, navigation, accessibility-focused",Yes,"Canvas overlay with globalCompositeOperation: destination-out; track mouse/touch position; draw circles at cursor"
92,Dither Shader,Background,"dither shader pixelate halftone retro noise pattern","Dithering/halftone shader effect creating retro pixel art style background",WebGL or CSS,Partial,continuous/static,Medium,Medium,"Purely decorative; provide clean fallback; ensure text contrast","Retro aesthetics, creative agencies, artistic portfolios, experimental","Corporate, healthcare, clean/minimal UIs",Partial,"WebGL fragment shader with dither matrix; or CSS mix-blend-mode trick with gradient + pattern; SVG filter alternative"
93,Animated Border Trail,Background,"border trail moving outline animated path glow edge","Animated trail/glow that continuously moves along an element's border",CSS,Yes,continuous/hover,Low,Low,"Decorative; don't use on every element; subtle glow","Feature cards, CTAs, highlighted sections, premium elements","Every element (overuse), minimal themes, dense UIs",Yes,"Conic-gradient rotating via animation; overflow:hidden with pseudo-element; or border-image with animated gradient position"
94,Ripple Background,Background,"ripple wave concentric circles expanding pulse water","Concentric circles expanding outward from a point like ripples in water",CSS or Canvas,Yes,click/continuous,Low,Low,"Subtle; respect reduced-motion; ensure content readability","Hero backgrounds, click feedback backgrounds, calm aesthetics","Dense content, text-heavy, high-contrast themes",Yes,"CSS: multiple box-shadows animating scale + opacity; or Canvas circles with expanding radius; border-radius: 50%"
95,Sparkles,Background,"sparkle stars twinkle glitter shimmer random floating","Random sparkle/star particles that twinkle across an area",CSS or Canvas,Partial,continuous,Low,Low,"Decorative; respect reduced-motion; keep count low","Celebration UI, premium features, magical aesthetics, CTAs","Professional/corporate, minimal, dense UIs",Yes,"CSS: random positioned pseudo-elements with scale + opacity animation; or Canvas: random points with twinkle cycle"
96,Background Boxes,Background,"boxes grid blocks colored animated pattern mosaic","Grid of colored blocks/boxes that animate with color changes or hover effects",CSS,Yes,continuous/hover,Low,Low,"Decorative; ensure foreground content contrast; subtle color transitions","Tech aesthetics, grid-based designs, developer tools, landing pages","Image-heavy, content-focused, minimal themes",Yes,"CSS Grid with colored cells; animation on individual cells with random delays; hover: highlight cell; transition: background-color"
97,Glowing Stars,Background,"glowing stars night sky twinkling dots cosmic space","Twinkling star field with glow effects simulating night sky",CSS or Canvas,Partial,continuous,Low,Low,"Subtle; respect reduced-motion; dark backgrounds required","Space/astronomy themes, dark hero sections, night mode UIs","Light themes, content-heavy, professional",Yes,"CSS: radial-gradient dots with opacity animation at random delays; or Canvas: random positioned circles with glow pulse"
98,Evervault Card,Card,"evervault random characters grid matrix hover reveal","Card filled with random characters in a grid that react to cursor hover position",Custom JS,No,hover,Medium,Medium,"Provide readable content fallback; decorative effect; disable on touch","Tech/security branding, developer tools, creative portfolios","Content cards, mobile, accessibility-focused",No,"Grid of characters; recalculate visible characters based on cursor distance; radial gradient mask; monospace font; requestAnimationFrame"
99,Direction-Aware Hover,Card,"direction aware hover reveal overlay enter angle mouse","Overlay reveals from the direction the cursor enters the card",Custom JS,No,hover,Medium,Low,"Content must be accessible without hover; provide focus fallback","Image galleries, portfolio grids, team pages, product cards","Mobile (no hover), text-only cards, accessibility-focused",No,"Detect mouse entry angle using getBoundingClientRect and mouse position; set CSS transform-origin and translateX/Y accordingly"
100,Wobble Card,Card,"wobble card tilt spring jiggle hover bounce elastic","Card wobbles/jiggles with spring physics on hover interaction",Motion or React Spring,No,hover,Low,Low,"Keep wobble subtle; reset on mouse leave; disable on touch","Product cards, playful UIs, feature highlights, e-commerce","Professional/corporate, medical, finance",Partial,"Spring animation on rotateX/Y with low stiffness high damping; track cursor delta for wobble direction; smooth return"
101,Expandable Card,Card,"expandable card click expand fullscreen morph detail","Card expands from grid position to full-screen detail view with morph animation",Motion layoutId or FLIP,No,click,High,Low,"Focus management on expand/collapse; escape to close; announce state change; scroll lock","Product details, portfolio pieces, image galleries, team bios","Dense data tables, forms, sequential workflows",Yes,"Motion: layoutId on shared container; AnimatePresence for detail view; scroll lock on body; z-index management"
102,Glowing Card,Card,"glowing card border animated gradient neon pulse outline","Card with animated gradient glow around its border",CSS,Yes,hover/continuous,Low,Low,"Decorative; ensure card content contrast not affected","Feature highlights, pricing cards, premium tiers, dark themes","Every card (overuse), light themes, minimal designs",Yes,"Pseudo-element with conic-gradient rotating animation; blur for glow; overflow:hidden; or animated box-shadow"
103,LED Board,Card,"LED board dot matrix display pixel text retro digital","Dot matrix / LED board style display showing text or numbers in pixel format",CSS or Canvas,Partial,continuous/load,Medium,Low,"Provide readable text alternative; decorative display only","Scoreboards, counters, retro themes, gaming UIs, status displays","Body text, forms, accessibility-critical content",Yes,"CSS Grid of circular dots; color per dot based on character bitmap; animation: sequential reveal; monospace mapping"
104,Card Spread,Card,"card spread fan out hover stack reveal cascade","Stacked cards fan out on hover revealing all cards beneath",CSS or Motion,Partial,hover,Low,Low,"All cards must be accessible; keyboard navigation between spread cards","Feature comparison, testimonial previews, option selection","Dense data, mobile (small viewport), many cards",Partial,"Cards absolute positioned; hover: apply transform rotate + translateX per card with nth-child calc; transition: transform"
105,Text Generate Effect,Text,"text generate words appear blur fade one by one sequential","Words appear one by one with blur-to-focus animation",Motion or GSAP,No,load/scroll,Medium,Low,"Final text must be accessible; use aria-label on container; screen reader gets full text","Hero descriptions, feature explanations, storytelling intros","Short labels, navigation, buttons, dense content",Yes,"Split text into word spans; stagger visibility with blur filter transition per word; IntersectionObserver trigger"
106,Flip Words,Text,"flip words vertical 3D rotate cycle swap replacement","Words cycle by flipping vertically with 3D rotation animation",CSS or Motion,Yes,continuous/timer,Low,Low,"Include all words in aria-label; announce current word change","Hero subtitles, taglines, feature highlights, value propositions","Navigation, labels, body text, error messages",Yes,"overflow:hidden container; perspective on parent; each word rotateX(90deg) in/out; AnimatePresence for React"
107,Jitter Text,Text,"jitter shake vibrate text letter random movement wiggle","Letters randomly jitter/shake with subtle movement creating nervous energy",CSS,Yes,hover/continuous,Low,Low,"Keep movement small (1-2px); respect reduced-motion; can be disorienting","Error states, gaming UIs, emphasis moments, playful brands","Body text, navigation, professional/medical UIs",Yes,"@keyframes with random translateX/Y values per character; animation with different durations per span; :hover trigger"
108,Wave Reveal,Text,"wave reveal text characters undulate sine motion entrance","Characters animate in with wave/sine motion creating undulating entrance",GSAP or Motion,No,load/scroll,Medium,Low,"Final text must be static and accessible; decorative entrance only","Hero headings, section titles, creative intros","Dense content, frequently-updated text, body copy",Yes,"Split into character spans; stagger with sine-based translateY offset; delay = index * 30ms; settle to translateY(0)"
109,Text Explode,Text,"text explode burst scatter characters iMessage reaction","Characters scatter outward from text position like an explosion",GSAP or Motion,No,click/interaction,High,Medium,"Provide text fallback; don't use for critical content; purely celebratory","Celebration moments, achievements, reactions, game events","Regular UI text, navigation, forms, professional",Partial,"Split text into character spans; random velocity vectors per character; physics sim or spring with random targets; opacity fade"
110,Mirror Text,Text,"mirror text reflection duplicate flip vertical symmetry","Text with a fading mirror reflection below it",CSS,Yes,static/load,Low,Low,"Decorative; ensure original text meets contrast requirements","Headings, logos, artistic sections, luxury aesthetics","Body text, dense content, data UIs",Yes,"Pseudo-element or duplicate with transform: scaleY(-1); mask-image: linear-gradient for fade; opacity reduction"
111,Mask Text,Text,"mask text clip reveal shape through gradient image background","Text that reveals an image or gradient through its letter shapes",CSS,Yes,static/scroll,Low,Low,"Ensure text is readable; provide solid-color fallback for reduced-motion","Hero headings, brand statements, artistic sections","Small text, navigation, body copy",Yes,"background-clip: text; -webkit-text-fill-color: transparent; background-image with gradient or image; optional: animate background-position"
112,Bold Copy,Text,"bold copy weight scroll transition progressive heavy light","Text weight transitions from light to bold as user scrolls through it",GSAP ScrollTrigger or custom JS,No,scroll,Medium,Low,"Variable font required; ensure all weights meet contrast; reduced-motion: show final weight","Editorial, storytelling, long-form content, artistic portfolios","Short content, navigation, data UIs, non-variable fonts",Partial,"Variable font with wght axis; ScrollTrigger per paragraph; map scroll progress to font-variation-settings wght value"
113,Text Highlight,Text,"text highlight marker underline animated color sweep reveal","Animated highlighting effect sweeping across text like a marker pen",CSS or Motion,Yes,scroll/load,Low,Low,"Highlighted text must maintain contrast; decorative enhancement","Key phrases, feature descriptions, testimonials, emphasis","Every line (overuse), dense content, data tables",Yes,"Pseudo-element with background-color; scaleX(0) to scaleX(1); transform-origin: left; transition on scroll trigger"
114,Hero Parallax Images,Hero,"hero parallax images floating layers depth scroll perspective","Hero section with multiple images that float at different parallax speeds on scroll",GSAP ScrollTrigger or Motion,No,scroll,Medium,Medium,"Provide flat layout for reduced-motion; all images need alt text; don't obscure hero text","Portfolio landing, product showcases, creative agencies, photography","Mobile (performance + viewport), text-heavy heroes, data apps",Partial,"Multiple absolutely positioned images; each with different translateY speed multiplier on scroll; z-index for depth; will-change: transform"
115,Macbook Scroll,Hero,"macbook laptop scroll open reveal product mockup screen","Laptop/device mockup that opens or reveals content as user scrolls",GSAP ScrollTrigger,No,scroll,High,Medium,"Product content must be accessible without animation; provide screenshot fallback","Product launches, app showcases, SaaS landing pages, feature tours","Non-tech products, mobile-first, content-focused blogs",Partial,"3D perspective on laptop lid; rotateX driven by scroll progress; content revealed as lid opens; pin section during animation"
116,Lamp Hero Effect,Hero,"lamp spotlight cone light reveal text hero dramatic","Dramatic cone of light illuminating hero text from above like a desk lamp",CSS,Yes,load,Medium,Low,"Text must be readable in final state; decorative entrance effect","Dark theme hero sections, product launches, dramatic reveals","Light themes, content-heavy, data dashboards",Yes,"Conic-gradient with narrow angle; animation: expand cone width + increase opacity; text revealed as light spreads; border-radius for soft edges"
117,Shape Shifter Hero,Hero,"shape shifter morph SVG background hero organic abstract","Morphing abstract SVG shapes in hero background that continuously transform",GSAP MorphSVG or CSS,Partial,continuous,Medium,Medium,"Purely decorative; ensure hero text contrast; respect reduced-motion","Creative agencies, artistic portfolios, modern landing pages","Corporate, data-heavy, performance-critical mobile",Partial,"Multiple SVG paths morphing between blob shapes; GSAP MorphSVG or CSS d property animation; filter: blur for softness"
118,Sticky Scroll Reveal,Hero,"sticky scroll reveal pin content swap section fixed","Pinned section where content/images swap as user scrolls through associated text blocks",GSAP ScrollTrigger,No,scroll,High,Low,"Each content block must be independently accessible; keyboard navigation between blocks","Feature showcases, product tours, case studies, documentation","Short content, mobile (limited viewport), dense data",Partial,"position: sticky on visual panel; IntersectionObserver or ScrollTrigger on text blocks; crossfade or slide content on trigger"
119,Compare Slider,Hero,"compare slider before after drag split image difference","Draggable slider dividing two overlapping images for before/after comparison",Custom JS or react-compare-slider,No,drag,Medium,Low,"Provide image descriptions; keyboard accessible (arrow keys); announce comparison to screen readers","Before/after results, design comparisons, photo editing, product improvements","Non-visual content, text-only sections, mobile (small images)",Yes,"Two overlapping images; clip-path or overflow:hidden on one side; drag handler updates clip position; touch support"
120,Container Cover,Hero,"container cover text hover reveal fullbleed image expand background","Text that reveals a full-bleed background image on hover or scroll interaction",CSS or Motion,Partial,hover/scroll,Medium,Low,"Image must have alt text; text must be readable in both states","Hero sections, portfolio items, creative landing pages","Dense content, data UIs, mobile-primary",Partial,"Background-image with background-size: cover; clip-path expanding on hover; or scale transform with overflow:hidden"
121,Following Pointer,Interaction,"following pointer cursor chase element trail smooth","Element or shape that smoothly follows the cursor with configurable lag",Custom JS,No,cursor,Low,Low,"Hide on touch devices; don't obscure interactive elements; z-index below clickable content","Custom cursors, decorative enhancement, creative portfolios","Mobile, enterprise apps, accessibility-focused",No,"mousemove event; lerp (linear interpolation) for smooth following; requestAnimationFrame; pointer-events: none on follower"
122,Pointer Highlight,Interaction,"pointer highlight hover glow area illuminate cursor zone","Area around cursor illuminates or highlights nearby content",CSS or custom JS,Partial,cursor,Low,Low,"Decorative; content must be readable without highlight; touch fallback not needed","Dark themes, card grids, image galleries, feature sections","Light themes where effect is invisible, mobile",No,"CSS: radial-gradient positioned at mouse coordinates via custom properties; mix-blend-mode for blending; or mask-image"
123,Lens Effect,Interaction,"lens magnify zoom hover glass circular enlarge detail","Magnifying glass effect that zooms content under the cursor",Custom JS,No,hover,Medium,Medium,"Provide click-to-zoom alternative; ensure zoomed content is accessible; keyboard activation","Product images, maps, fine art, detail inspection, e-commerce","Small elements, text content, mobile (pinch-to-zoom instead)",Partial,"Circular element following cursor; clip zoomed version of content; scale transform within lens area; background-position tracking"
124,Link Preview,Interaction,"link preview hover popup card website thumbnail tooltip","Hovering a link shows a preview popup with page thumbnail and description",Custom JS or Motion,No,hover,Medium,Medium,"Don't block navigation; keyboard accessible (focus trigger); announce preview content","Blog posts, documentation, knowledge bases, wikis, social feeds","Mobile (no hover), dense link lists, navigation menus",No,"Fetch metadata on hover (with debounce); render preview card positioned near link; AnimatePresence for enter/exit; z-index management"
125,Animated Tooltip,Interaction,"animated tooltip hover popup motion spring scale info","Tooltip that appears with spring/scale animation on hover or focus",Motion or CSS,Partial,hover/focus,Low,Low,"Must be keyboard accessible (focus trigger); announce tooltip content; respect prefers-reduced-motion","Form hints, icon labels, feature explanations, abbreviations","Mobile-primary (use tap instead), dense UIs with many tooltips",Yes,"scale(0.8) + opacity:0 to scale(1) + opacity:1; spring transition; transform-origin from trigger direction; Radix/Floating UI for positioning"
126,Multi-Step Loader,Interaction,"multi step loader progress sequential stages animated steps","Animated loader showing sequential progress steps completing one by one",CSS or Motion,Yes,load,Low,Low,"Use aria-progressbar; announce step changes; provide text description of current step","File uploads, onboarding flows, checkout processes, data processing","Simple loading (use spinner), instant operations",Yes,"Flex row of step indicators; sequential fill animation with staggered delay; checkmark animation on complete; progress bar connecting steps"
127,Ripple Button,Interaction,"ripple button click material design wave expand circle","Material Design-style ripple wave expanding from click point on button",CSS or custom JS,Partial,click,Low,Low,"Don't rely on ripple for button feedback; ensure button has other focus/active states","Buttons, list items, cards, Material Design UIs","Minimal/flat UIs without Material aesthetic, iOS-style apps",Yes,"Create span at click coordinates; animate scale(0) to scale(4) with opacity fade; position absolute; overflow:hidden on button; remove after animation"
128,Swipe Button,Interaction,"swipe button slide confirm drag action gesture unlock","Button requiring swipe/slide gesture to confirm destructive or important action",Custom JS or @use-gesture,No,drag,Medium,Low,"Provide tap alternative for accessibility; announce action; haptic feedback on complete","Destructive actions, payment confirmations, unlock screens, slide-to-send","Frequent actions, navigation, toggles",Yes,"Draggable thumb within track; threshold for completion; spring snap-back if incomplete; success animation on threshold met"
129,File Upload Drag,Interaction,"file upload drag drop zone animated hover dashed border","Animated file upload zone with drag-and-drop visual feedback",CSS or Motion,Partial,drag,Low,Low,"Maintain file input for accessibility; announce drag state changes; keyboard upload alternative","File upload forms, image uploaders, document submission","Inline inputs, mobile (use native picker instead)",Yes,"dragenter/dragover/dragleave events; border-style: dashed with color transition; scale pulse on dragover; progress bar on upload"
130,Vanishing Input,Interaction,"vanishing input placeholder dissolve disappear text field fade","Input placeholder text dissolves/vanishes with particle or fade effect when user starts typing",Custom JS or Motion,No,focus,Medium,Low,"Standard label must exist; placeholder dissolution is decorative; input must work without effect","Search bars, hero inputs, creative forms, landing page CTAs","Standard forms, accessibility-focused, dense form layouts",Partial,"Split placeholder into character spans; animate opacity + translateY on input focus; stagger removal; restore on blur if empty"
131,GitHub Globe,DataViz,"github globe 3D earth connections arcs world network","Interactive 3D globe with animated arcs showing connections between points",Three.js + globe.gl or cobe,No,continuous/interaction,High,High,"Provide flat map or list alternative; decorative visualization; keyboard rotation controls","Global presence, network visualization, tech landing pages, SaaS","Mobile (performance), small viewports, accessibility-focused",Partial,"cobe library for lightweight globe; or Three.js with custom sphere; arcs as TubeGeometry; point markers; auto-rotation"
132,World Map Connections,DataViz,"world map connections animated dots lines geography network","Flat world map with animated connection lines between locations",SVG or Canvas,Partial,continuous/load,Medium,Medium,"Provide list of locations as accessible alternative; decorative visualization","Global presence, shipping/logistics, network coverage, SaaS landing","Small viewports, non-geographic data, mobile-first",Partial,"SVG map paths; animated lines using stroke-dashoffset between coordinate pairs; pulsing dots at endpoints; CSS animations"
133,Animated Timeline,DataViz,"timeline vertical scroll animated history events milestones","Vertical timeline with entries that animate in as user scrolls",CSS or Motion,Yes,scroll,Low,Low,"Timeline content must be accessible without animation; semantic HTML (ol/li); keyboard navigable","Company history, project milestones, roadmaps, changelogs, careers","Horizontal layouts, dense data, short histories",Yes,"Vertical line with positioned entries; IntersectionObserver per entry; translateX + opacity entrance; alternating left/right layout"
134,3D Pin Map,DataViz,"3D pin map marker location point raised elevation globe","Map with 3D elevated pins that rise from the surface marking locations",Three.js or CSS,Partial,load/hover,High,Medium,"Provide list of locations as alternative; pin labels for screen readers; keyboard focus per pin","Store locators, office locations, real estate, event venues","Non-geographic data, mobile (3D too heavy), many pins",Partial,"CSS: perspective + translateZ on markers; Three.js: cylinder/cone geometry on plane; hover: increase elevation + show label"
135,Commit Graph,DataViz,"commit graph contribution grid heatmap calendar github activity","GitHub-style contribution/activity heatmap grid with animated entrance",CSS or SVG,Yes,load/scroll,Low,Low,"Provide data table alternative; each cell needs tooltip with count; color legend required","Developer portfolios, activity tracking, habit displays, analytics","Non-temporal data, small datasets, real-time data",Yes,"CSS Grid of small squares; color intensity mapped to value; stagger reveal animation per column; tooltip on hover"
136,Animated Bar Chart,DataViz,"bar chart animated entrance grow height transition data visualization","Bar chart with bars that animate growing from zero to their values",CSS or Chart.js,Partial,scroll/load,Low,Low,"Provide data table alternative; respect reduced-motion; announce values to screen readers","Statistics, dashboards, comparison pages, reports","Real-time updating data (use transitions instead), tiny datasets",Yes,"CSS: height transition from 0 to target with stagger delay per bar; or Chart.js animation config; IntersectionObserver trigger"
137,Animated Donut Chart,DataViz,"donut chart animated circle progress ring fill percentage arc","Donut/ring chart with arcs that animate filling to their percentages",CSS or SVG,Yes,scroll/load,Low,Low,"Provide percentage values as text; color + label (not color alone); reduced-motion: show final state","Dashboards, progress displays, portfolio allocation, skill levels","Many categories (>6), precise data, real-time updates",Yes,"SVG circle with stroke-dasharray/dashoffset animation; or CSS conic-gradient with animation; total label in center"
138,Gauge Chart,DataViz,"gauge chart meter speedometer arc needle indicator","Semicircular gauge with animated needle/fill showing a metric value",SVG or Canvas,Partial,scroll/load,Low,Low,"Provide numeric value as text; announce level to screen readers; color zones for context","KPIs, performance metrics, health stats, system monitoring","Precise data comparison, many metrics side-by-side, mobile (small)",Yes,"SVG arc with stroke-dashoffset animation; needle as rotated line; color zones with multiple arcs; spring animation for needle"
139,Bento Grid,Layout,"bento grid mosaic asymmetric animated hover cards varying sizes","Asymmetric grid layout with varying card sizes and animated hover effects",CSS Grid or Motion,Partial,hover/load,Medium,Low,"All grid items must be keyboard navigable; focus indicators visible; responsive reflow","Feature showcases, dashboards, landing pages, portfolios","Dense data tables, uniform lists, mobile (simplify to stack)",Yes,"CSS Grid with grid-template-areas or span variations; hover: scale or elevation; stagger entrance animation; responsive breakpoint simplification"
140,Layout Grid Stagger,Layout,"layout grid stagger entrance items cascade appear reveal","Grid of items that appear with cascading stagger animation based on position",Motion or GSAP,No,scroll/load,Low,Low,"Content must be accessible during animation; use once: true for performance","Product grids, team pages, portfolio galleries, card layouts","Data tables, frequently-updated lists, above-the-fold content",Yes,"Calculate stagger delay from grid position: (row + col) * 50ms; translateY + opacity per item; IntersectionObserver trigger"
141,3D Marquee,Layout,"3D marquee carousel rotating perspective depth continuous loop","3D perspective marquee with elements arranged in depth as they scroll",CSS or Three.js,Partial,continuous,Medium,Medium,"Provide flat marquee fallback; content must be accessible statically; respect reduced-motion","Product showcases, feature tours, creative landing pages, portfolios","Dense content, text-heavy, mobile-first, accessibility-focused",Partial,"perspective + translateZ per element; continuous animation combining translateX + translateZ; scale adjustment for depth illusion"
142,Animated List,Layout,"animated list items enter exit reorder motion spring layout","List items that animate entrance/exit/reorder with spring physics",Motion or FLIP,No,interaction,Medium,Low,"Announce list changes to screen readers; maintain focus on reorder; keyboard reorder support","Todo lists, notification feeds, search results, kanban columns","Static content, large lists (>100 items), data tables",Yes,"AnimatePresence for enter/exit; layoutId for reorder; spring transition; height animation for list container; exit: opacity + translateX"
143,Morphing Dialog,Layout,"morphing dialog modal expand source trigger origin animate transform","Dialog/modal that morphs from its trigger element expanding smoothly into a larger view",Motion layoutId or FLIP,No,click,High,Low,"Focus trap in dialog; escape to close; return focus to trigger on close; announce dialog content","Detail views from cards, image lightboxes, inline editing, previews","Simple alerts (use standard modal), mobile (use full-screen instead)",Yes,"Motion: shared layoutId on trigger + dialog container; AnimatePresence for mount/unmount; backdrop fade; spring transition"
144,Webcam Pixel Grid,Interaction,"webcam pixel grid camera mosaic blocks real-time video","Real-time webcam feed displayed as pixelated grid of colored blocks",Canvas + getUserMedia,No,continuous,High,High,"Camera permission required; provide skip/disable option; privacy-sensitive; fallback for no-camera","Interactive experiences, creative portfolios, tech demos, events","Production UIs, mobile (battery), privacy-focused sites",No,"getUserMedia for camera access; Canvas: sample pixels at grid intervals; draw colored rectangles; requestAnimationFrame loop"
145,Confetti,Interaction,"confetti celebration party burst shower colorful falling pieces","Colorful confetti pieces bursting and falling on celebration events",canvas-confetti or Canvas,No,interaction,Low,Low,"Triggered by user action only; brief duration; respect reduced-motion; don't block content","Achievement unlocks, form submissions, purchases, milestones, celebrations","Every action (overuse), professional/corporate, accessibility-focused",Yes,"canvas-confetti library; or custom Canvas with physics particles; random colors/sizes/rotation; gravity for falling; fade after 3-5s"
146,Countdown Timer,Interaction,"countdown timer clock flip card number tick animated time","Animated countdown timer with flipping or rolling number transitions",CSS or Motion,Partial,continuous,Low,Low,"Announce time changes at intervals (not every second); provide static time for reduced-motion","Product launches, event pages, sales promotions, coming-soon pages","Past events, non-time-sensitive content, navigation",Yes,"Individual digit containers; flip: rotateX with backface-visibility; or rolling: translateY with overflow:hidden; update via setInterval"
147,Scroll Storytelling,Scroll,"scroll storytelling narrative pin reveal chapter sequential content","Full narrative experience with scroll-driven content reveals and pinned sections",GSAP ScrollTrigger,No,scroll,High,Medium,"All content must be accessible without scroll animation; provide skip/jump navigation; keyboard scrollable","Long-form articles, annual reports, product stories, case studies","Short content, data-heavy pages, dense UIs, mobile (simplify heavily)",Partial,"Multiple ScrollTrigger instances with pin/scrub; layered content reveals; media transitions between sections; progress indicator"
148,Animated Gradient Button,Interaction,"animated gradient button color shift hover CTA shimmer border","Button with animated gradient that shifts colors on hover or continuously",CSS,Yes,hover/continuous,Low,Low,"Button must have clear focus state; contrast ratio met at all gradient positions; reduced-motion: static gradient","CTAs, primary actions, premium features, landing pages","Every button (overuse), minimal UIs, dense forms",Yes,"background: linear-gradient with background-size: 200%; animation: gradient-shift; hover: background-position change; border variant with pseudo-element"
149,Morphing Button,Interaction,"morphing button shape transform circle loading state submit","Button that morphs shape (e.g. rectangle to circle) during loading state transition",Motion or CSS,Partial,click,Medium,Low,"Announce state changes (loading/success/error); maintain focus during morph; disabled during transition","Form submissions, async actions, file uploads, payment buttons","Navigation buttons, toggles, frequent-use actions",Yes,"Transition width to height (circle); border-radius: 50%; replace text with spinner; spring animation for morph; success: checkmark + green"
150,Noise Background,Background,"noise background perlin simplex generative organic flowing field","Generative noise-based flowing background using Perlin/Simplex noise",WebGL or Canvas,No,continuous,Medium,High,"Purely decorative; provide solid color fallback; heavy GPU on large viewports","Creative agencies, music/art, hero backgrounds, experimental UIs","Mobile-first, performance-critical, content-heavy pages",No,"WebGL fragment shader with noise function; or Canvas with noise.js library; animate seed/offset over time; blend with base colors"
151,Elastic Slider,Navigation,"elastic slider range control stretch rubber band physics input","Slider/range control with elastic/rubber-band physics feedback on drag",Motion or @use-gesture,No,drag,Medium,Low,"Standard range input must work as fallback; keyboard accessible (arrow keys); announce value changes","Media players, preference settings, image editing, filter controls","Precise numeric input, forms requiring exact values",Yes,"Custom slider track/thumb; drag with @use-gesture; overshoot spring on release; visual stretch of track; value tooltip"
152,Infinite Menu,Navigation,"infinite menu scroll loop wrap circular navigation continuous","Menu that loops/wraps infinitely when scrolling through items",Custom JS or Motion,No,scroll/drag,Medium,Low,"Keyboard navigation must work (arrow keys cycle); announce active item; visible item count","Category browsers, date pickers, media libraries, product catalogs","Short lists (<10 items), primary navigation, settings",Partial,"Virtualized list with clone-at-edges for seamless wrap; momentum scrolling; snap to items; or CSS scroll-snap with JS wrapping"
153,Fluid Glass,Card,"fluid glass morphism depth layers flowing liquid refraction","Advanced glassmorphism with fluid/liquid refraction animation in the glass layer",CSS or WebGL,Partial,continuous/hover,Medium,Medium,"Ensure text contrast over glass; vibrant background required; provide solid fallback","Premium UIs, luxury products, modern SaaS, creative portfolios","Low-contrast backgrounds, accessibility-focused, mobile (performance)",Partial,"backdrop-filter: blur with animated pseudo-element behind; noise texture overlay; gradient shift animation; border with animated opacity"
154,Pixelated Image Transition,Transition,"pixelated image transition mosaic reveal block dissolve","Image transitions by pixelating/dissolving into blocks revealing the next image",Canvas or CSS,No,click/auto,Medium,Medium,"Both images need alt text; provide instant swap for reduced-motion; don't use for critical content","Image galleries, portfolio slideshows, hero image carousels, before/after","Fast-cycling content, thumbnails, mobile (performance)",Partial,"Canvas: sample source + target at decreasing pixel sizes; blend at threshold; or CSS: grid of clip-path squares transitioning individually"
155,Text Along SVG Path,Text,"text along SVG path curved baseline custom shape warped","Text rendered along a custom SVG path following any curve or shape",SVG textPath,Yes,static/scroll,Low,Low,"Provide linear text via aria-label; decorative text only; ensure readability along path","Badges, circular layouts, artistic headings, decorative elements, stamps","Body text, navigation, buttons, dense content",Yes,"SVG textPath with xlink:href to path; startOffset for position; animate startOffset for scrolling text along path"
156,Animated Accordion,Interaction,"accordion expand collapse animate height smooth content reveal","Smooth height animation for accordion/collapsible content sections",CSS or Motion,Yes,click,Low,Low,"Announce expanded/collapsed state; keyboard accessible (Enter/Space); focus management on expand","FAQ sections, documentation, settings panels, product features","Deeply nested content (limit depth), very long content panels",Yes,"CSS: grid-template-rows: 0fr to 1fr transition; or Motion: animate height auto with AnimatePresence; overflow:hidden during transition"
157,Scroll-Linked Video,Scroll,"scroll linked video playback scrub frame control scroll driven","Video playback controlled by scroll position — scrub through frames as user scrolls",GSAP ScrollTrigger or custom JS,No,scroll,High,High,"Provide play button for non-scroll access; fallback image for performance; respect reduced-motion","Product reveals, storytelling, cinematic landing pages, Apple-style","Mobile (performance + data), short pages, content-heavy sections",No,"Video element with scroll-driven currentTime; preload video; or image sequence with IntersectionObserver; ScrollTrigger scrub: true"
158,Typing Cursor,Text,"typing cursor blink caret animated input terminal prompt","Blinking cursor caret animation for terminal/command-line style interfaces",CSS,Yes,continuous,Low,Low,"Purely decorative; don't use for actual input fields; reduced-motion: static caret","Terminal UIs, code demos, typing effects, developer tools","Standard inputs, body text, non-tech contexts",Yes,"border-right: 2px solid; animation: blink 1s step-end infinite; @keyframes blink { 50% { border-color: transparent } }"
159,Scramble Hover,Text,"scramble hover text random characters mouse over link","Text scrambles through random characters when hovered then resolves back",GSAP or custom JS,No,hover,Medium,Low,"Provide instant text for screen readers; text readable in both states; disable on touch","Navigation links, portfolio project titles, creative menus, CTAs","Body text, mobile, accessibility-critical content, dense menus",Partial,"On mouseenter: requestAnimationFrame loop cycling random chars; resolve front-to-back with delay; on mouseleave: instant resolve or reverse"
160,Animated Number Ticker,Text,"number ticker scroll digit rolling odometer slot machine","Individual digits roll/scroll like an odometer or slot machine to display changing numbers",CSS or Motion,Partial,load/scroll/update,Low,Low,"Final number in aria-label; provide instant display for reduced-motion","Dashboards, statistics, pricing, scoreboards, stock tickers","Body text, labels, non-numeric content",Yes,"Each digit in overflow:hidden container; translateY to show target digit; column of 0-9 stacked; spring or ease-out transition"
